{
  "Skier Total Vertical GET" : {
    "transaction" : "Skier Total Vertical GET",
    "sampleCount" : 6400,
    "errorCount" : 0,
    "errorPct" : 0.0,
    "meanResTime" : 10.103749999999987,
    "medianResTime" : 10.0,
    "minResTime" : 8.0,
    "maxResTime" : 21.0,
    "pct1ResTime" : 11.0,
    "pct2ResTime" : 12.0,
    "pct3ResTime" : 14.0,
    "throughput" : 564.4734521079555,
    "receivedKBytesPerSec" : 269.5581231257718,
    "sentKBytesPerSec" : 87.64773328629389
  },
  "Total" : {
    "transaction" : "Total",
    "sampleCount" : 19200,
    "errorCount" : 0,
    "errorPct" : 0.0,
    "meanResTime" : 10.293333333333342,
    "medianResTime" : 10.0,
    "minResTime" : 8.0,
    "maxResTime" : 29.0,
    "pct1ResTime" : 11.0,
    "pct2ResTime" : 12.0,
    "pct3ResTime" : 14.0,
    "throughput" : 1687.4670416593426,
    "receivedKBytesPerSec" : 494.6058182457374,
    "sentKBytesPerSec" : 258.17366848303743
  },
  "Skier Day Vertical GET" : {
    "transaction" : "Skier Day Vertical GET",
    "sampleCount" : 6400,
    "errorCount" : 0,
    "errorPct" : 0.0,
    "meanResTime" : 10.008906250000019,
    "medianResTime" : 10.0,
    "minResTime" : 8.0,
    "maxResTime" : 22.0,
    "pct1ResTime" : 11.0,
    "pct2ResTime" : 12.0,
    "pct3ResTime" : 14.0,
    "throughput" : 564.4236705176824,
    "receivedKBytesPerSec" : 104.72704824058559,
    "sentKBytesPerSec" : 87.08880853690802
  },
  "Resort GET" : {
    "transaction" : "Resort GET",
    "sampleCount" : 6400,
    "errorCount" : 0,
    "errorPct" : 0.0,
    "meanResTime" : 10.767343749999984,
    "medianResTime" : 11.0,
    "minResTime" : 9.0,
    "maxResTime" : 29.0,
    "pct1ResTime" : 12.0,
    "pct2ResTime" : 12.0,
    "pct3ResTime" : 15.0,
    "throughput" : 563.4298793907915,
    "receivedKBytesPerSec" : 121.83070692842679,
    "sentKBytesPerSec" : 84.18434721366317
  }
}